<application>
  <component name="FileTypeManager" version="19">
    <ignoreFiles list="*.pyc;*.pyo;*.rbc;*.yarb;*~;.DS_Store;.git;.hg;.hui;.mypy_cache;.pytest_cache;.ruff_cache;.svn;.umi;.umi-production;CVS;__pycache__;_svn;node_modules;vssver.scc;vssver2.scc" />
    <extensionMap>
      <mapping pattern="ChannelPrefs" type="AUTO_DETECTED" />
      <mapping ext="wxml" type="HTML" />
      <mapping pattern="搭建服务阿里云.md" type="PLAIN_TEXT" />
      <mapping pattern=".env.staging" type="PLAIN_TEXT" />
      <mapping pattern=".prettierignore" type="PLAIN_TEXT" />
      <mapping pattern=".gitigore" type="PLAIN_TEXT" />
      <mapping pattern=".env.uat" type="PLAIN_TEXT" />
      <mapping pattern=".gitkeep" type="PLAIN_TEXT" />
      <mapping pattern="setup.md" type="PLAIN_TEXT" />
      <mapping ext="text" type="PLAIN_TEXT" />
      <mapping ext="arsc" type="PLAIN_TEXT" />
      <mapping ext="updater" type="PLAIN_TEXT" />
      <mapping ext="nvue" type="Vue.js" />
      <mapping ext="uvue" type="Vue.js" />
      <removed_mapping ext="acss" approved="true" type="Vue.js" />
      <removed_mapping ext="js" approved="true" type="Vue.js" />
      <removed_mapping ext="jsx" approved="true" type="Vue.js" />
      <removed_mapping ext="vue" approved="true" type="HTML" />
      <removed_mapping ext="wxml" approved="true" type="WXML" />
      <mapping pattern="node_modules" type="DockerIgnore file" />
      <mapping pattern="unpackage" type="DockerIgnore file" />
    </extensionMap>
  </component>
</application>