<application>
  <component name="FileTypeManager" version="17">
    <ignoreFiles list="*.hprof;*.pyc;*.pyo;*.rbc;*.yarb;*~;.DS_Store;.git;.hg;.hui;.svn;.umi;.umi-production;CVS;__pycache__;_svn;node_modules;vssver.scc;vssver2.scc;" />
    <extensionMap>
      <mapping ext="wxml" type="HTML" />
      <mapping pattern=".env.uat" type="PLAIN_TEXT" />
      <mapping pattern="搭建服务阿里云.md" type="PLAIN_TEXT" />
      <mapping pattern=".env.production" type="PLAIN_TEXT" />
      <mapping pattern="setup.md" type="PLAIN_TEXT" />
      <mapping pattern=".env.development" type="PLAIN_TEXT" />
      <mapping pattern=".gitkeep" type="PLAIN_TEXT" />
      <mapping pattern=".env.staging" type="PLAIN_TEXT" />
      <mapping pattern=".gitigore" type="PLAIN_TEXT" />
      <mapping ext="text" type="PLAIN_TEXT" />
      <mapping ext="test" type="PLAIN_TEXT" />
      <removed_mapping ext="wxml" approved="true" type="WXML" />
      <removed_mapping ext="wxml" approved="true" type="WXML" />
      <removed_mapping ext="vue" approved="true" type="HTML" />
      <removed_mapping ext="js" approved="true" type="Vue.js" />
      <removed_mapping ext="jsx" approved="true" type="Vue.js" />
      <removed_mapping ext="acss" approved="true" type="Vue.js" />
    </extensionMap>
  </component>
</application>