<application>
  <component name="LanguageInjectionConfiguration">
    <injection language="JSX Harmony" injector-id="xml">
      <display-name>el-table-column/@v-slots</display-name>
      <place><![CDATA[xmlAttribute().withLocalName(string().equalTo("v-slots")).withParent(xmlTag().withLocalName(string().equalTo("el-table-column")).withNamespace(string().equalTo("http://www.w3.org/1999/html")))]]></place>
    </injection>
    <injection language="TypeScript JSX" injector-id="xml">
      <display-name>el-table-column/@v-slots</display-name>
      <place><![CDATA[xmlAttribute().withLocalName(string().equalTo("v-slots")).withParent(xmlTag().withLocalName(string().equalTo("el-table-column")).withNamespace(string().equalTo("http://www.w3.org/1999/html")))]]></place>
    </injection>
    <injection language="Vue" injector-id="xml">
      <display-name>vue</display-name>
      <place><![CDATA[xmlAttribute().withLocalName(string().matches("<none>"))]]></place>
    </injection>
  </component>
</application>