<keymap version="1" name="Default copy" parent="Mac OS X 10.5+">
  <action id="ActivateFindToolWindow" />
  <action id="ActivateProblemsViewToolWindow" />
  <action id="ActivateRunToolWindow" />
  <action id="CloseAllEditorsButActive">
    <keyboard-shortcut first-keystroke="meta 5" />
  </action>
  <action id="CloseAllUnmodifiedEditors">
    <keyboard-shortcut first-keystroke="meta 6" />
  </action>
  <action id="Console.Execute.Multiline" />
  <action id="DirDiffMenu.SynchronizeDiff.All" />
  <action id="EditorSplitLine" />
  <action id="EslintImportCodeStyle">
    <keyboard-shortcut first-keystroke="ctrl x" />
  </action>
  <action id="FileChooser.GotoModule" />
  <action id="FileChooser.TogglePathShowing" />
  <action id="Git.Pull">
    <keyboard-shortcut first-keystroke="meta p" />
  </action>
  <action id="GotoClass" />
  <action id="GotoFile">
    <keyboard-shortcut first-keystroke="shift meta o" />
    <keyboard-shortcut first-keystroke="meta o" />
  </action>
  <action id="GotoNextBookmark">
    <keyboard-shortcut first-keystroke="meta 4" />
  </action>
  <action id="GotoNextBookmarkInEditor">
    <keyboard-shortcut first-keystroke="meta 3" />
  </action>
  <action id="IlluminatedCloud.SaveAll">
    <keyboard-shortcut first-keystroke="meta s" />
  </action>
  <action id="Javascript.Linters.EsLint.Fix">
    <keyboard-shortcut first-keystroke="meta enter" />
  </action>
  <action id="ParameterInfo" />
  <action id="PinActiveTabToggle">
    <keyboard-shortcut first-keystroke="meta back_slash" />
  </action>
  <action id="ReformatWithPrettierAction">
    <keyboard-shortcut first-keystroke="shift meta alt p" />
    <keyboard-shortcut first-keystroke="alt x" />
  </action>
  <action id="SaveAll">
    <keyboard-shortcut first-keystroke="alt s" />
  </action>
  <action id="SearchEverywhere">
    <keyboard-shortcut first-keystroke="meta i" />
  </action>
  <action id="ShowProjectStructureSettings" />
  <action id="ShowReformatFileDialog" />
  <action id="TsLintFileFixAction">
    <keyboard-shortcut first-keystroke="meta semicolon" />
  </action>
  <action id="ViewSource" />
</keymap>